{
 "minecraft:polar_bear": {
  "suitableTemp": "COLD",
  "resistanceValue_Temp": 3.0,
  "suitableHum": "NORMAL",
  "resistanceValue_Hum": 2.0,
  "suitableAir": "FLOW",
  "resistanceValue_Air": 2.0
 },
 "minecraft:villager_golem": {
  "suitableTemp": "COLD",
  "resistanceValue_Temp": 6.0,
  "suitableHum": "NORMAL",
  "resistanceValue_Hum": 2.0,
  "suitableAir": "FLOW",
  "resistanceValue_Air": 2.0
 },
 "minecraft:pig": {
  "suitableTemp": "WARM",
  "resistanceValue_Temp": 2.0,
  "suitableHum": "NORMAL",
  "resistanceValue_Hum": 2.0,
  "suitableAir": "FLOW",
  "resistanceValue_Air": 2.0
 },
 "minecraft:llama": {
  "suitableTemp": "COOL",
  "resistanceValue_Temp": 4.0,
  "suitableHum": "NORMAL",
  "resistanceValue_Hum": 2.0,
  "suitableAir": "FLOW",
  "resistanceValue_Air": 2.0
 },
 "minecraft:husk": {
  "suitableTemp": "NORMAL",
  "resistanceValue_Temp": 2.0,
  "suitableHum": "DRY",
  "resistanceValue_Hum": 2.0,
  "suitableAir": "NORMAL",
  "resistanceValue_Air": 2.0
 },
 "minecraft:sheep": {
  "suitableTemp": "COOL",
  "resistanceValue_Temp": 3.0,
  "suitableHum": "NORMAL",
  "resistanceValue_Hum": 2.0,
  "suitableAir": "FLOW",
  "resistanceValue_Air": 2.0
 },
 "minecraft:ender_dragon": {
  "suitableTemp": "COLD",
  "resistanceValue_Temp": 4.0,
  "suitableHum": "NORMAL",
  "resistanceValue_Hum": 2.0,
  "suitableAir": "FLOW",
  "resistanceValue_Air": 2.0
 },
 "minecraft:shulker": {
  "suitableTemp": "COLD",
  "resistanceValue_Temp": 4.0,
  "suitableHum": "NORMAL",
  "resistanceValue_Hum": 2.0,
  "suitableAir": "FLOW",
  "resistanceValue_Air": 2.0
 },
 "minecraft:villager": {
  "suitableTemp": "NORMAL",
  "resistanceValue_Temp": 3.0,
  "suitableHum": "NORMAL",
  "resistanceValue_Hum": 2.0,
  "suitableAir": "FLOW",
  "resistanceValue_Air": 2.0
 },
 "minecraft:ocelot": {
  "suitableTemp": "WARM",
  "resistanceValue_Temp": 3.0,
  "suitableHum": "NORMAL",
  "resistanceValue_Hum": 2.0,
  "suitableAir": "FLOW",
  "resistanceValue_Air": 2.0
 },
 "minecraft:cow": {
  "suitableTemp": "COOL",
  "resistanceValue_Temp": 3.0,
  "suitableHum": "NORMAL",
  "resistanceValue_Hum": 2.0,
  "suitableAir": "FLOW",
  "resistanceValue_Air": 2.0
 },
 "minecraft:enderman": {
  "suitableTemp": "COLD",
  "resistanceValue_Temp": 6.0,
  "suitableHum": "NORMAL",
  "resistanceValue_Hum": 2.0,
  "suitableAir": "FLOW",
  "resistanceValue_Air": 2.0
 },
 "minecraft:snowman": {
  "suitableTemp": "FROSTBITE",
  "resistanceValue_Temp": 4.0,
  "suitableHum": "NORMAL",
  "resistanceValue_Hum": 2.0,
  "suitableAir": "FLOW",
  "resistanceValue_Air": 2.0
 },
 "minecraft:chicken": {
  "suitableTemp": "NORMAL",
  "resistanceValue_Temp": 2.0,
  "suitableHum": "NORMAL",
  "resistanceValue_Hum": 2.0,
  "suitableAir": "FLOW",
  "resistanceValue_Air": 2.0
 },
 "minecraft:wolf": {
  "suitableTemp": "COOL",
  "resistanceValue_Temp": 3.0,
  "suitableHum": "NORMAL",
  "resistanceValue_Hum": 2.0,
  "suitableAir": "FLOW",
  "resistanceValue_Air": 2.0
 },
 "minecraft:wither": {
  "suitableTemp": "OVEN",
  "resistanceValue_Temp": 4.0,
  "suitableHum": "NORMAL",
  "resistanceValue_Hum": 2.0,
  "suitableAir": "FLOW",
  "resistanceValue_Air": 2.0
 },
 "minecraft:horse": {
  "suitableTemp": "COOL",
  "resistanceValue_Temp": 3.0,
  "suitableHum": "NORMAL",
  "resistanceValue_Hum": 2.0,
  "suitableAir": "FLOW",
  "resistanceValue_Air": 2.0
 },
 "minecraft:rabbit": {
  "suitableTemp": "COOL",
  "resistanceValue_Temp": 2.0,
  "suitableHum": "NORMAL",
  "resistanceValue_Hum": 2.0,
  "suitableAir": "FLOW",
  "resistanceValue_Air": 2.0
 }
}