{
    "entries": [
        {
            "ore": "dcs_climate:dcs_ore_stone_new:4",
            "secondary": "dcs_climate:dcs_ore_stone_new:9",
            "secondary_chance": 5.0,
            "weight": 80.0
        },
        {
            "ore": "dcs_climate:dcs_layer_stone_new:4",
            "weight": 30.0
        },
        {
            "ore": "dcs_climate:dcs_ore_stone_new:9",
            "weight": 20.0
        },
        {
            "ore": "minecraft:redstone_ore:0",
            "weight": 5.0
        },
        {
            "ore": "minecraft:coal_ore:0",
            "weight": 5.0
        }
    ],
    "layer": "minecraft:stone:0"
}