{
    "entries": [
        {
            "ore": "dcs_climate:dcs_ore_stone_new:3",
            "secondary": "dcs_climate:dcs_ore_stone_new:8",
            "secondary_chance": 15,
            "weight": 40
        },
        {
            "ore": "dcs_climate:dcs_ore_stone_new:4",
            "secondary": "dcs_climate:dcs_ore_stone_new:9",
            "secondary_chance": 15,
            "weight": 40
        },
        {
            "ore": "minecraft:stone:1",
            "secondary": "minecraft:redstone_ore:0",
            "secondary_chance": 10,
            "weight": 10
        }
    ],
    "layer": "minecraft:stone:1"
}