{
    "entries": [
        {
            "ore": "dcs_climate:dcs_ore_stone_new:3",
            "secondary": "dcs_climate:dcs_ore_stone_new:8",
            "secondary_chance": 5.0,
            "weight": 80.0
        },
        {
            "ore": "dcs_climate:dcs_layer_stone_new:5",
            "weight": 30.0
        },
        {
            "ore": "dcs_climate:dcs_ore_stone_new:8",
            "weight": 10.0
        },
        {
            "ore": "dcs_climate:dcs_ore_gemblock:6",
            "weight": 10.0
        },
        {
            "ore": "dcs_climate:dcs_ore_gemblock:2",
            "weight": 5.0
        }
    ],
    "layer": "dcs_climate:dcs_ore_gemblock:6"
}